{
    "train_count": 2376,
    "valid_count": 298,
    "test_count": 297,
    "entity_label": {
        "政治实体": 5397,
        "岗位名": 218,
        "人物": 386,
        "时间": 516,
        "组织": 583,
        "地点": 146,
        "装备": 260,
        "设施": 29
    },
    "relation_label": {
        "职位": 178,
        "等价": 128,
        "归属": 190,
        "合作": 89,
        "敌对": 429,
        "隶属": 267,
        "搭载": 13,
        "属于": 104,
        "研制": 7
    }
}