{"inputs": ["1"], "outputs": ["3"], "graph": [{"name": "op1", "op_type": "class", "method": {"type": "InferRunner", "model": {"type": "YOLODetector", "data_preprocessor": {"type": "BaseDataProcessor", "batch_preprocess": [{"type": "Stack"}]}, "backbone": {"type": "YOLOv5CSPDarknet", "deepen_factor": 0.33, "widen_factor": 0.5, "norm_cfg": {"type": "BN2d", "momentum": 0.03, "eps": 0.001}, "act_cfg": {"type": "SiLU"}}, "neck": {"type": "YOLOv5PAFPN", "deepen_factor": 0.33, "widen_factor": 0.5, "in_channels": [256, 512, 1024], "out_channels": [256, 512, 1024], "num_csp_blocks": 3, "norm_cfg": {"type": "BN2d", "momentum": 0.03, "eps": 0.001}, "act_cfg": {"type": "SiLU"}}, "head": {"type": "YOLOv5Head", "head_module": {"type": "YOLOv5HeadModule", "num_classes": 1, "in_channels": [256, 512, 1024], "widen_factor": 0.5, "featmap_strides": [8, 16, 32], "num_base_priors": 3}, "prior_generator": {"type": "YOLOAnchorGenerator", "base_sizes": [[[10, 13], [16, 30], [33, 23]], [[30, 61], [62, 45], [59, 119]], [[116, 90], [156, 198], [373, 326]]], "strides": [8, 16, 32]}, "loss_cls": {"type": "CrossEntropyLoss", "use_sigmoid": true, "reduction": "mean", "loss_weight": 0.5}, "loss_bbox": {"type": "IoULoss", "iou_mode": "ciou", "bbox_format": "xywh", "eps": 1e-07, "reduction": "mean", "loss_weight": 0.05, "return_iou": true}, "loss_obj": {"type": "CrossEntropyLoss", "use_sigmoid": true, "reduction": "mean", "loss_weight": 1.0}, "prior_match_thr": 4.0, "obj_level_weights": [4.0, 1.0, 0.4]}, "test_cfg": {"multi_label": true, "nms_pre": 2000, "score_thr": 0.1, "nms": {"type": "nms", "iou_threshold": 0.3}, "max_per_img": 300}}, "pipelines": [{"type": "LoadImage"}, {"type": "WrapData", "mapping": {"img": "Image"}}, {"type": "ConvertDataType", "dtype": "float32", "meta_keys": ["img"]}, {"type": "Resize", "size": [640, 640], "meta_keys": ["img"]}, {"type": "Normalize", "mean": [0.0, 0.0, 0.0], "std": [255.0, 255.0, 255.0], "meta_keys": ["img"]}, {"type": "Transpose", "axes": [2, 0, 1], "meta_keys": ["img"]}], "checkpoint": "work_dir/test_yolov5/iter_100.pth"}, "inputs": ["1"], "outputs": ["2"]}, {"name": "op2", "op_type": "function", "method": "format", "inputs": ["2"], "outputs": ["3"]}]}